Name,URL
"#Paid","https://hashtagpaid.com"
"10 Web","https://10web.io/"
"1v1Me","https://www.1v1me.com/"
"4D Sight","https://4dsight.com/"
"About.me","https://www.about.me/"
"Absorb","https://www.absorblms.com/"
"Acast","https://www.acast.com/"
"Actions","https://www.actions.so/"
"Adalo","https://www.adalo.com/"
"Admireme","https://admireme.vip/"
"Adobe Creative Cloud","https://www.adobe.com/creativecloud.html"
"Adobe Podcast","https://podcast.adobe.com/enhance"
"Adobe Speech Enhancer","https://podcast.adobe.com/enhance"
"AdultNode","https://adultnode.com/"
"Adventr","https://adventr.io/"
"Afluencer","https://afluencer.com/"
"Afterlight","https://www.afterlight.co/"
"Afterparty","https://afterparty.ai/"
"Agora","https://www.agora.io/en/"
"Ahrefs","https://ahrefs.com/"
"AI Image Enlarger","https://imglarger.com/"
"AI SEO","https://aiseo.ai/"
"AI SEO Art","https://art.aiseo.ai/"
"AI Social Bio","https://aisocialbio.com/"
"AI-Coustics","https://ai-coustics.com/"
"AI-Writer","https://ai-writer.com/"
"AI2image","https://www.ai2image.com/"
"Airmeet","https://www.airmeet.com/"
"Airtable","https://airtable.com/"
"Aiva","https://www.aiva.ai/"
"AllMyBio","https://www.allmy.bio/"
"AllMyLinks","https://www.allmylinks.com"
"Allstar","https://allstar.gg/clips"
"Aluminati","https://www.aluminati.net/"
"Amie","https://www.amie.so/"
"Amity","https://www.amity.co/"
"Amplifidor","https://www.amplifidor.com/"
"Andi","https://andisearch.com/"
"Animoto","https://animoto.com/"
"Anonymizer","https://generated.photos/anonymizer"
"Any Summary","https://www.anysummary.app/"
"Anyone","https://www.callinganyone.com/"
"Anytype","https://anytype.io/"
"Apollo","https://www.apollo.io/"
"Apption","https://apption.co/"
"AppyPie","https://www.appypie.com/ai-website-builder"
"Arketa","https://www.arketa.co/"
"Artbreeder","https://www.artbreeder.com/"
"Artflow","https://app.artflow.ai/"
"Articulate","https://www.articulate.com/"
"Artistator","https://artistator.com"
"Artlist","https://artlist.io/"
"ArtroomAI","https://artroom.ai/download-app"
"Asana","https://asana.com/"
"Astria","https://www.astria.ai/"
"Attentive","https://attentive.com/"
"Audience Republic","https://www.audiencerepublic.com/"
"Audienceful","https://www.audienceful.com/"
"Audio Strip","https://www.audiostrip.co.uk/"
"Audioblocks","https://www.storyblocks.com/audio"
"Audiopen","https://audiopen.ai/"
"Audius","https://audius.co"
"Autograph","https://autograph.io/"
"AutoRetouch","https://www.autoretouch.com/"
"Avatar AI","https://avatarai.me/"
"AVC AI","https://avc.ai/"
"Avid","https://www.avid.fm"
"Bambuser","https://bambuser.com"
"Bandcamp","https://bandcamp.com/"
"BandLab","https://www.bandlab.com/?lang=en"
"Bandzoogle","https://bandzoogle.com/"
"Beacons","https://www.beacons.ai/"
"Beam","https://www.beam.gg/"
"Bearly.ai","https://bearly.ai"
"Beatstarts","https://www.beatstars.com/"
"Beautiful AI","https://www.beautiful.ai/"
"Beehiiv","https://www.beehiiv.com/"
"Berta","https://www.berta.me/"
"Bertha.ai","https://bertha.ai"
"Bettermode","https://bettermode.com/"
"BetterSnapTool","https://apps.apple.com/us/app/bettersnaptool/id417375580?mt=12"
"Bevy","https://www.bevy.com/"
"BHuman","https://www.bhuman.ai/"
"Big Cartel","https://www.bigcartel.com"
"Bildr","https://www.bildr.com/"
"Bio Link","https://bio.link"
"Bio.fm","https://www.bio.fm/"
"Biolinky","https://biolinky.co/"
"Biosites","https://biosites.com/"
"BitanGO","https://bintango.com/"
"Biteable","https://biteable.com"
"Bitly","https://bitly.com/"
"Bitski","https://www.bitski.com/"
"Blackmagic.so","https://blackmagic.so/"
"Blender","https://www.blender.org/"
"BlockSurvey","https://blocksurvey.io"
"BlogNLP","https://www.blognlp.com"
"Blort AI","https://getblort.com/?via=cet"
"Bodyguard","https://www.bodyguard.ai/"
"Bonfire","https://www.bonfire.com/"
"Boomy","https://boomy.com/"
"Boosty","https://boosty.to/"
"Brandarmy","https://brandarmy.com/"
"Brandmark","https://brandmark.io/tools"
"BrandMentions","https://brandmentions.com/"
"Brandwatch","https://www.brandwatch.com/"
"Breeze","https://www.breeze.inc/"
"Brella","https://www.brella.io/"
"Brevo","https://www.brevo.com/"
"Bronto","https://www.bronto.co/"
"Browse AI","https://www.browse.ai/"
"Bruqi","https://www.bruqi.com/"
"Bubble","https://bubble.io/"
"Bubblehouse","https://www.bubblehouse.com/"
"BuddyBoss","https://www.buddyboss.com/"
"Buffer","https://join.buffer.com/janis-m"
"Bullet","https://bullet.so/"
"Bunches","https://onbunches.com/"
"Buy me a coffee","https://www.buymeacoffee.com/"
"Buzzsprout","https://www.buzzsprout.com/"
"Buzzsumo","https://buzzsumo.com/"
"Caffeine","https://www.caffeine.tv/"
"Cal","https://cal.com/"
"Cala","https://www.ca.la"
"Calendly","https://calendly.com/"
"Cameo","https://www.cameo.com"
"Campsite.Bio","https://www.campsite.bio/"
"Canva","https://www.canva.com/"
"Capiche FM","https://capiche.fm/"
"Capte","https://www.getcapte.com/en"
"Captions.AI","https://www.captions.ai/"
"Captiv8","https://captiv8.io/"
"Cargo","https://cargo.site/"
"Carrd","https://www.carrd.co/"
"Cascadeur","https://cascadeur.com/"
"Castbox","https://castbox.fm"
"Castup","https://www.usecastup.com"
"Catch","https://catch.co/"
"Cent","https://www.cent.co/"
"ChatGPT","https://chat.openai.com/"
"ChatPDF","https://www.chatpdf.com/"
"Chirpley","https://chirpley.ai/"
"Chord","https://chord.co/"
"Cinepacks","https://cinepacks.store/"
"Circle","https://try.circle.so/61p65qqh3jp1"
"Claid.ai","https://claid.ai/"
"Clara","https://claraforcreators.com/"
"Clara.io","https://clara.io/"
"Classplus","https://classplusapp.com/"
"Classpro","https://www.classpro.in"
"Cleanvoice AI","https://cleanvoice.ai/"
"ClickFunnels","https://www.clickfunnels.com/3-months-for-99?aff=5d2fc404d027c6cf492aa2ca71b410a666abfa25fc24354845097acdd8446c71"
"Clipdrop","https://clipdrop.co/stable-diffusion-reimagine"
"Closers Copy","https://www.closerscopy.com"
"Clubhouse","https://www.joinclubhouse.com"
"Cogniflow","https://www.cogniflow.ai"
"Cohley","https://www.cohley.com/"
"Coindrop","https://coindrop.to/"
"Collab.Land","https://www.collab.land/"
"Collabhouse","https://www.collabhouse.com/"
"Collective","https://www.collective.com/"
"Commenter","https://commenter.ai/"
"CommonRoom","https://www.commonroom.io/"
"Community","https://www.community.com"
"Compiled","https://www.compiled.social"
"Compose.ai","https://www.compose.ai"
"Compress PNG","https://compresspng.com/"
"Comradery","https://comradery.com"
"Consensus","https://consensus.app/"
"Convertkit","https://convertkit.com"
"Convosight","https://www.convosight.com/"
"Coolors","https://coolors.co/"
"Copilot","https://copilot.microsoft.com/"
"Copy AI","http://www.copy.ai/"
"Cosmofeed","https://cosmofeed.com/"
"Courses.so","https://courses.so/"
"Cowriter","https://cowriter.org"
"Craiyon","https://www.craiyon.com"
"Crayo.AI","https://crayo.ai/?ref=janis"
"Createsafe","https://createsafe.io/"
"Creative Fabrica","https://www.creativefabrica.com/"
"Creator Economy NYC","https://creatoreconomynyc.com/"
"Creator Genesis","https://www.creatorgenesis.com/"
"Creator Metrics","https://creatormetrics.io/"
"Creator.co","https://creator.co/"
"Creator+","https://www.creatorplus.com/"
"CreatorIQ","https://www.creatoriq.com/"
"Creators Legal","https://creatorslegal.com/"
"Cron","https://cron.com/"
"Crowdcast","https://crowdcast.io/"
"Crowdstack","https://pro.crowdstack.com/"
"CSS Icons","https://css.gg/"
"Curastory","https://curastory.co/"
"Curtsy","https://curtsyapp.com/"
"D-ID","https://www.d-id.com/"
"Dazzlink","https://dazzl.ink/"
"Dealflow","https://dealflow.live"
"Delphi.ai","https://www.delphi.ai/"
"Depto","https://depto.me/"
"Descript","https://www.descript.com"
"Designify","https://www.designify.com"
"Designs.ai","https://designs.ai"
"Determ","https://www.determ.com/"
"DFTBA","https://store.dftba.com/"
"Digistore24","https://www.digistore24.com/"
"Direct.me","https://www.direct.me/"
"Disciple","https://www.disciplemedia.com/"
"Disco","https://www.disco.co"
"Discord","https://discord.com"
"Discourse","https://www.discourse.org"
"Display Social","https://www.displaysocial.com/"
"Dispo","https://dispo.fun/"
"DistroKid","https://www.distrokid.com/"
"Doing Things Media","https://www.doingthings.com/"
"Domestika","https://www.domestika.org/en"
"DoNotPay","https://donotpay.com/"
"Dorik","https://dorik.io/"
"Dream By Wombo","https://www.wombo.art/"
"Dream Up","https://www.dreamup.com"
"Dream.page","https://dream.page"
"Drope","https://drope.me/"
"Dubverse","https://dubverse.ai"
"Dukaan","https://mydukaan.io"
"Dumplink","https://dumpl.ink/"
"Durable","https://durable.co/"
"E-Junkie","https://www.e-junkie.com/"
"E-pal","https://www.epal.gg/"
"Earnr","https://www.earnr.co.uk"
"Easel.ly","https://easel.ly/"
"Easol","https://www.easol.com"
"Easy-Peasy.AI","https://easy-peasy.ai"
"EbSynth","https://ebsynth.com/"
"Ecwid","https://www.ecwid.com/"
"Eden","https://eden.so/"
"Editor X","https://www.editorx.com/"
"Eightify","https://www.eightify.app/"
"Elai.io","https://elai.io/"
"Elink","https://elink.io/"
"Elopage","https://elopage.com/"
"Eluvio","https://live.eluv.io/"
"Ensemble","https://www.ensemble.chat/"
"Enterpix","https://enterpix.app"
"EnTribe","https://www.entribe.com/"
"Envato Elements","https://elements.envato.com/"
"Eventbrite","https://www.eventbrite.com/"
"Evernote","https://evernote.com/"
"Exly","https://exlyapp.com/"
"EzyCourse","https://ezycourse.com/"
"F*** You Pay Me","https://www.fypm.vip/"
"F*** You Pay Me","https://www.fypm.vip"
"Faceit","https://www.faceit.com/"
"Facetune","https://www.facetuneapp.com/"
"Fairmint","https://fairmint.co"
"Fanalytics","https://www.fanalytics.ai/"
"Fanbase.app","https://fanbase.app/"
"Fanbase.com","https://fanbase.com/?r=ZlWPB"
"Fancentro","https://fancentro.com/"
"Fanfix","https://www.fanfix.io/"
"Fanize","https://fanize.it/en/"
"Fanjoy","https://fanjoy.co/"
"Fansly","https://fansly.com/"
"FansMine","https://fansmine.com/"
"Fanvue","https://www.fanvue.com"
"Fast Reply","https://fastreply.io/"
"Fathom","https://fathom.video/"
"Fave","https://faveforfans.com/"
"Feature.FM","https://www.feature.fm/"
"Feedlink","https://feed.link/"
"Feedly","https://feedly.com/"
"Figma","https://www.figma.com"
"FilmHub","https://filmhub.com/"
"Fireside Chat","https://firesidechat.com/"
"Flarum","https://flarum.org/"
"Flaticon","https://www.flaticon.com/"
"Fliki","https://fliki.ai/"
"FlowPage","https://www.flowcode.com/page"
"Flowrite","https://www.flowrite.com"
"FlutterFlow","https://flutterflow.io/"
"FlyFin","https://flyfin.tax/"
"Focus Booster","https://www.focusboosterapp.com/"
"Focusee","https://gemoo.com/focusee/index.htm"
"Font Awesome","https://fontawesome.com/"
"Fontello","https://fontello.com/"
"FontJoy","https://fontjoy.com/"
"For the Wall","https://forthewall.art/"
"Foreplay","https://www.foreplay.co/"
"Formspark","https://formspark.io/"
"Fotor","https://www.fotor.com/features/ai-art-generator/"
"Foundation","https://foundation.app/"
"Fourthwall","https://fourthwall.com/"
"Framer","https://www.framer.com/"
"Freepik","https://www.freepik.com/"
"Frond","https://frond.com/"
"Fronty","https://fronty.com/"
"Fullscore","https://fullscore.digital/"
"Fundmates","https://www.fundmates.co/"
"Gamma","https://gamma.app/"
"Gatheround","https://gatheround.com/"
"Genei","https://www.genei.io/"
"Generated Photos","https://generated.photos/"
"Geneva","https://www.geneva.com/"
"Genies","https://genies.com/"
"Getalpaca","https://www.getalpaca.io"
"GetCourse","https://getcourse.ru/"
"getimg.ai","https://getimg.ai"
"Getnext","https://getnext.to/"
"Ghost","https://ghost.org/"
"Gleam","https://gleam.io/"
"Glide","https://www.glideapps.com/"
"Godaddy","https://www.godaddy.com"
"Godly","https://godly.website/"
"GoFundMe","https://gofundme.com/"
"GoHighLevel","https://www.gohighlevel.com/?fp_ref=ghljm"
"Google Earth Studio","https://www.google.com/earth/studio/"
"GPT-Prompter","https://gptprompter.com/"
"Gradual","https://www.gradual.com/"
"Grammarly","https://www.grammarly.com/"
"Grin","https://grin.co/"
"Gronda","https://gronda.com/"
"GroupApp","https://www.group.app/"
"GroupSite","https://www.groupsite.com/"
"Growth Design","https://growth.design/"
"Guestio","https://guestio.com/"
"Guild","https://guild.co"
"Gump","https://gump.gg"
"Gumroad","https://gumroad.com/"
"Haaartland","https://www.haaartland.com/"
"Habitate","https://www.habitate.io/"
"Hafi by HypeAuditor","https://hafi.pro/"
"Hall","https://usehall.com/"
"Harmonai","https://www.harmonai.org/"
"Heartbeat","https://www.heartbeat.chat/"
"Hecto","https://www.hecto.io"
"Heepsy","https://www.heepsy.com/"
"HelloScribe","https://helloscribe.ai"
"Hemmingway","https://hemingwayapp.com/"
"HeroPack","https://www.heropack.me"
"Heyday","https://heyday.hootsuite.com/"
"HeySummit","https://heysummit.com/"
"Hifi","https://hi.fi/"
"HiTide","https://gohitide.com/#"
"Hivebrite","https://hivebrite.com/"
"Honeycommb","https://www.honeycommb.com/"
"Hoo.be","https://www.hoo.be/"
"Hopin","https://hopin.com"
"Hopp by Wix","https://www.hopp.co/"
"Hotpot.ai","https://hotpot.ai"
"Hourone","https://hourone.ai/"
"Howdy","https://sayhowdy.co/"
"Hubhopper","https://studio.hubhopper.com"
"Hubilo","https://hubilo.com"
"Hubla","https://hub.la/"
"HubSpot","https://www.hubspot.com/"
"Huddles","https://www.clashapp.co"
"Huji","https://apps.apple.com/us/app/huji-cam/id781383622"
"Humaaans","https://blush.design/collections/humaaans/humaaans/scene-2-characters/h6HV6UBWu0tMUsSi?c=Bottom_0%7E89c5cc-0.1%7E89c5cc-0.2%7E393f82_Hair_0%7E181658-0.1%7Ee8e1e1-0.2%7E2c1b18_Skin_0%7Edcae92-0.1%7E57331f-0.2%7E57331f_Top_0%7Eff4133-0.1%7Ef2f2f2-0.2%7Ef2f2f2"
"Humanz","https://www.humanz.com/"
"Hustle Engine","https://hustle.amplify.ai/"
"Hylo","https://www.hylo.com/"
"Hypage","https://hypage.com/"
"HYPD","https://www.hypd.store/"
"Hype","https://hype.co/"
"HypeFury","https://hypefury.com/"
"HyperWrite","https://hyperwriteai.com/"
"Hypotenuse AI","https://www.hypotenuse.ai/"
"Icon Mostr","https://iconmonstr.com/"
"Icônes","https://icones.js.org/"
"Icons8 Lunacy","https://icons8.com/lunacy"
"iFans","https://www.ifans.com/"
"Ilo.so","https://ilo.so/"
"Image Cleaner","https://objectremover.com/image-cleaner"
"ImageOptim","https://imageoptim.com/mac"
"Impact","https://impact.com/"
"Indiegogo","https://indiegogo.com/"
"Indiepage","https://indiepa.ge/"
"Indify","https://indify.co/"
"Influencity","https://influencity.com/"
"Influenswer","https://influenswer.com/"
"Inkforall","https://inkforall.com/"
"Instabio","https://www.instabio.cc/"
"Instaco","https://instaco.com/"
"Instasize","https://instasize.com/"
"InVideo","https://invideo.io"
"Issuu","https://issuu.com/"
"It'sMyBio","https://www.itsmy.bio/"
"Jasper","https://www.jasper.ai/"
"Jellysmack","https://jellysmack.com/"
"Jemi","https://jemi.so/"
"Jimpix","https://jimpix.co.uk/words/username-generator.asp"
"Jingle.bio","https://jingle.bio/"
"Jitter.Video","https://jitter.video/"
"Julius","https://www.juliusworks.com/for-influencers/"
"Just For Fans","https://justforfans.app/"
"Kafkai","https://kafkai.com"
"Kajabi","https://kajabi.com/"
"Kale","https://kalecard.com/"
"Kapwing","https://www.kapwing.com"
"Karat","https://www.trykarat.com"
"Kartra","https://home.kartra.com/"
"Katteb","https://katteb.com/en"
"Keeper Tax","https://www.keepertax.com/"
"Key","https://mykeylive.com/"
"Keyhole","https://keyhole.co/"
"Khroma","http://khroma.co/"
"Kick","https://kick.com/"
"Kickstarter","https://www.kickstarter.com/"
"Kive","https://www.kive.ai/"
"Klear","https://klear.com/"
"Ko-Fi","https://ko-fi.com/"
"Kobalt","https://www.kobaltmusic.com/"
"Komi","https://komi.io/"
"Kommunity","https://kommunity.com/"
"Kopier","https://www.kopier.xyz/"
"KROWD","https://yourkrowd.com/"
"Kunstmatrix","https://www.kunstmatrix.com/en"
"Lalabox","https://lalabox.io"
"Lance","https://www.lance.app/"
"Landr","https://www.landr.com/"
"Later","https://later.com/"
"Launch House","https://www.launchhouse.com/"
"Launchpass","https://launchpass.com/"
"Laylo","https://laylo.com"
"LearnWorlds","https://get.learnworlds.com/04h1ih03el2q"
"Leawo PhotoIns","https://www.leawo.org/photoins/"
"Legal Robot","https://legalrobot.com/"
"LeiaPix","https://convert.leiapix.com/"
"Lemonsqueezy","https://www.lemonsqueezy.com/"
"Lens Studio","https://ar.snap.com/lens-studio"
"Lensa","https://prisma-ai.com/lensa"
"Let’s Enhance","https://letsenhance.io/"
"Lex","https://lex.page"
"Liberapay","https://en.liberapay.com/"
"Lickd","https://lickd.co/"
"Liinks","https://www.liinks.co/"
"LikeMinds","https://likeminds.community/"
"Lili","https://lili.co/"
"Linear","https://linear.app/"
"Linearity","https://www.linearity.io/"
"Link in Profile","https://www.linkinprofile.com/"
"LinkedIn","https://linkedin.com/"
"LinkFire","https://www.lnk.to/"
"LinkInProfile","https://linkinprofile.com/"
"Linklab","https://linklab.site/"
"LinkList","https://www.linklist.bio/"
"LinkPop","https://linkpop.com"
"Linkr","https://linkr.bio/"
"Linktree","https://linktree.com/"
"Listento","https://li.sten.to/"
"Listium","https://listium.com/"
"Listmonk","https://listmonk.app/"
"Litelink","https://www.litelink.at/"
"Livepeer","https://livepeer.org/"
"LiveReacting","https://www.livereacting.com/"
"Livestorm","https://livestorm.co/"
"Lnk.bio","https://lnk.bio/"
"Locals","https://www.locals.com"
"LogoAI","https://www.logoai.com/make"
"LogoFast","https://logofa.st/"
"Looka","https://looka.com/logo-maker/"
"Loom","https://www.loom.com/"
"Loomly","https://www.loomly.com/"
"Loots","https://loots.com/"
"Loyalfans","https://www.loyalfans.com/"
"LTK","https://www.shopltk.com/"
"LTX Bio","https://ltx.bio/"
"Luma","https://lu.ma/home"
"Lumanu","https://www.lumanu.com"
"Luminar AI","https://skylum.com/luminar-ai"
"LYNX","https://www.lynxinbio.com/"
"Maestro","https://www.maestro.io/"
"Mage","https://www.mage.space"
"Magic AI Avatars","https://magicaiavatars.com"
"Magic Beans","https://magicbeans.app/"
"Magic Eraser","https://magicstudio.com/magiceraser"
"Mailchimp","https://mailchimp.com/?currency=EUR"
"Mailerlite","https://www.mailerlite.com/"
"MakersPlace","https://makersplace.com/"
"Makeship","https://www.makeship.com/"
"Mana","https://www.withmana.com/"
"Manticore Games","https://www.manticoregames.com/"
"Manychat","https://manychat.com/"
"ManyVids","https://manyvids.com/"
"MasterClass","https://www.masterclass.com/"
"Mastodon","https://joinmastodon.org/"
"Mavely","https://www.joinmavely.com/"
"Maven","https://maven.com"
"Maverick","https://www.trymaverick.com/"
"Mayk.it","https://www.mayk.it/"
"Medium","https://medium.com/"
"Megaphone","https://megaphone.fm/"
"Meltingspot","https://www.meltingspot.io/"
"Memberful","https://memberful.com/"
"Memberup","https://memberup.com/"
"Memmo","https://memmo.me"
"Mentimeter","https://www.mentimeter.com/"
"Mention","https://mention.com/"
"Mentorcam","https://mentor.cam/"
"Mentorpass","https://www.mentorpass.co/"
"Mesh","https://www.mymesh.io/"
"Meshy.ai","https://www.meshy.ai/"
"Metafy","https://metafy.gg/"
"Microsoft Designer","https://designer.microsoft.com/"
"Midjourney","https://midjourney.com/"
"Mighty Networks","https://www.mightynetworks.com"
"Milk","https://milkvideo.com/"
"Milkshake","https://milkshake.app/"
"Millions.co","https://millions.co/"
"Mindpal","https://mindpal.space/"
"Mintable","https://mintable.com/"
"MintGate","https://www.mintgate.io/"
"Mintme","https://www.mintme.com/"
"Mirage","https://www.mirageml.com"
"Mirror","https://mirror.xyz"
"Mixcloud","https://www.mixcloud.com/"
"Mixily","https://www.mixily.com"
"MixKit","https://mixkit.co/"
"MMM","https://mmm.page/"
"Modelcentro","https://modelcentro.com/"
"Mojo","https://mojo.video"
"Moment","https://www.moment.co/"
"MONET","https://www.monet.money/"
"Moonbounce","https://www.getmoonbounce.com/"
"Moosend","https://trymoo.moosend.com/zplfmbesfwnq"
"Moteefe","https://assets-global.website-files.com/63bebb6111e9470a3698d1de/642ab6a1ad4f8e7984ed2eda_logo.png"
"Motom","https://www.motom.me/"
"Movavi Photo Editor 2024","https://www.movavi.com/photo-editor"
"Movement","https://movement.so/"
"Movmi","https://movmi.co/"
"Mubert","https://mubert.com/"
"Murf","https://murf.ai/"
"Music Breakr","https://musicbreakr.com/"
"My PT Hub","https://www.mypthub.net/"
"MyFanPark","https://myfanpark.com"
"MYM","https://mym.fans/"
"MyVocal.ai","https://myvocal.ai/"
"Namelix","https://namelix.com/"
"NamingMagic","https://www.namingmagic.com/"
"Nas Academy","https://nasacademy.com/"
"Nas.io","https://nas.io/"
"NeuralStudio","https://neural.cam/studio"
"Neuronwriter","https://www.neuronwriter.com"
"Nexus","https://www.nexus.gg"
"Nifty Gateway","https://www.niftygateway.com/"
"NightCafe","https://creator.nightcafe.studio/"
"NoSpace","https://nospace.app/"
"Notch","https://www.get-notch.com/"
"Notion","https://affiliate.notion.so/fub7e8buix33"
"Notion AI","https://affiliate.notion.so/wtr73dzl22w1-4y5a7"
"Notion4teachers","https://www.notion4teachers.com/"
"NTWRK","https://thentwrk.com/"
"NVIDIA Canvas","https://www.nvidia.com/en-us/studio/canvas/"
"Obsidian","https://obsidian.md/"
"Obviously","https://www.obvious.ly/"
"OffScript","https://offscript.io"
"OhMyBio","https://www.ohmy.bio/"
"Omnilink","https://omnilink.iconosquare.com/"
"Omniverse Audio2Face","https://www.nvidia.com/en-us/omniverse/apps/audio2face/"
"On24","https://www.on24.com/"
"Ongo","https://www.ongolabs.com/"
"OnJuno","https://juno.finance/"
"OnlyFans","https://onlyfans.com/"
"Oooh Tv","https://www.oooh.tv"
"Opal","https://www.opal.so/"
"Openart","https://openart.ai"
"OpenSea","https://opensea.io/"
"Opensocial","https://www.getopensocial.com/"
"Optimage","https://optimage.app/"
"Opus Clip","https://www.opus.pro/"
"Outseta","https://outseta.com/"
"Oxygen","https://oxygen.us/"
"Pagy","https://pagy.co/"
"Palette","https://palette.fm/"
"Para","https://para.co/"
"Parity Deals","https://www.paritydeals.com/"
"Passes","https://www.passes.com/signup?r=42e0ead8"
"Passion","https://passion.io/"
"Passionfroot","https://www.passionfroot.xyz/"
"Patreon","https://www.patreon.com/"
"Paved","https://www.paved.com/"
"Pay Me For My AI","https://paymeformyai.com/"
"Payhip","https://payhip.com/"
"PayPal","https://www.paypal.com"
"Pearpop","https://pearpop.com/"
"Pensil","https://www.pensil.in/"
"Per Diem","https://www.tryperdiem.com/"
"Pex","https://pex.com/"
"Pexels","https://www.pexels.com/"
"Phantombuster","https://phantombuster.com/"
"PhotoAI","https://photoai.me"
"Photoroom","https://www.photoroom.com"
"Photoshot","https://photoshot.app"
"Pico","https://trypico.com"
"PicsArt","https://picsart.com"
"Pictory","https://pictory.ai/"
"Pietra","https://www.pietrastudio.com/"
"Pillar","https://get.pillar.io/"
"Pineapple Builder","https://www.pineapplebuilder.com/"
"Pinterest","https://www.pinterest.com/"
"Pitch","https://pitch.com/"
"Pixabay","https://pixabay.com/"
"Pixlr","https://pixlr.com/"
"Pixpa","https://www.pixpa.com/"
"Placeit","https://placeit.net/"
"Playbook","https://playbookapp.io"
"Playground AI","https://playgroundai.com"
"PlaylistAI","https://www.playlistai.app/"
"Podbean","https://www.podbean.com/"
"Podcastle","https://podcastle.ai/"
"Podcorn","https://podcorn.com"
"Podia","https://www.podia.com"
"Podsift","https://www.podsift.com/"
"PolitePost.net","https://politepost.net"
"Popchew","https://popchew.com/"
"Poppy AI","https://cet--cleverprogrammer.thrivecart.com/poppy-ai-checkout/"
"Popshop Live","https://join.popshop.live/"
"PopularPays","https://popularpays.com/"
"Portaly","https://portaly.cc/en"
"Pory","https://pory.io/"
"Postli","https://www.postli.co/"
"Powder.gg","https://powder.gg/"
"Predis.ai","https://predis.ai/"
"Printful","https://www.printful.com/"
"Printify","https://printify.com/"
"Profi","https://www.profi.io/"
"Profile Picture Al","https://www.profilepicture.ai/"
"Profile Picture Maker","https://pfpmaker.com/"
"ProtoPie","https://www.protopie.io/"
"Pry","https://pry.co/"
"Qoohoo","https://www.qoohoo.in"
"Quantum Pigeon","https://www.qp.me/"
"Quasi","https://quasi.market"
"Quintly","https://www.quintly.com/"
"Raindrop","https://raindrop.io/"
"Ramen Life","https://www.ramenlife.co/"
"Rapchat","https://rapchat.com/"
"RareCircles","https://www.rarecircles.com/"
"Rarible","https://rarible.com/"
"Raycast","https://www.raycast.com/"
"Rayst Gradients","https://gradients.ray.st/"
"ReadyMag","https://readymag.com/"
"Rec Room","https://recroom.com/"
"Recast","https://www.letsrecast.ai/"
"Recite","https://reciteworks.com/"
"RedCircle","https://redcircle.com"
"Rella","https://getrella.com/"
"Remagine AI","https://remagineai.com/"
"Remix Icon","https://remixicon.com/"
"Remo","https://remo.co/"
"Remove.bg","https://www.remove.bg/"
"Renown","https://renownapp.com/"
"Replicastudios","https://www.replicastudios.com/"
"Repurposepie","https://repurposepie.io/"
"Restream","https://restream.io"
"Roll","https://joinroll.com/"
"Rosebud AI","https://www.rosebud.ai/"
"Roster","https://www.joinroster.co/"
"Run The World","https://www.runtheworld.today"
"RunwayML","https://app.runwayml.com/"
"Rytr","https://rytr.me/"
"SageSpot","https://sagespot.com/"
"Samcart","https://www.samcart.com"
"Scrile","https://www.scrile.com/connect"
"Scripe","https://scripe.io/"
"Sellfy","https://sellfy.com/"
"Shopify","https://www.shopify.com/"
"Shorby","https://shorby.com/"
"Shottr","https://shottr.cc/"
"Shutterstock","https://www.shutterstock.com/"
"Sidekick","https://sidekickai.com/"
"SimpleInk","https://www.simple.ink/"
"Sked Social","https://skedsocial.com/"
"Sketch","https://www.sketch.com/"
"Sketchar","https://sketchar.io/"
"Skool","https://www.skool.com/signup?ref=7b29eefcfd4a40c4a6b5837554b10dd6"
"Slack","https://slack.com/intl/en-gb/"
"Slashpage","https://slashpage.com/"
"Slushy","https://www.slushy.com/"
"Snapchat","https://www.snapchat.com/"
"SnapMotion","https://neededapps.com/snapmotion/"
"Snappa","https://snappa.com/"
"Snipfeed","https://snipfeed.co/"
"SocialBee","https://socialbee.com/"
"SocialPilot","https://www.socialpilot.co/"
"Socialtalk","https://socialtalk.io/"
"SoClose","https://www.soclose.me/"
"Softr","https://www.softr.io/"
"Solo.To","https://www.solo.to/"
"Songwhip","https://www.songwhip.com"
"Sonomo","https://www.sonomo.com/"
"Sorare","https://sorare.com"
"Soundcloud","https://soundcloud.com/"
"Spext","https://www.spext.co"
"Spinxo","https://www.spinxo.com/"
"Splash","https://www.splashmusic.com/"
"SPlashbase","https://splashbase.co/"
"Splice","https://splice.com/"
"Spline","https://spline.design/"
"Sponsr","https://sponsr.ru/"
"Spoon","https://www.spooncast.net/"
"Spotify","https://open.spotify.com/"
"Spotter","https://spotter.la/"
"Spreadshirt","https://www.spreadshirt.com/"
"Spring","https://www.spri.ng/"
"Squadcast","https://squadcast.fm/"
"Squarespace","https://squarespace.com/"
"Stable Diffusion Online","https://stablediffusionweb.com/"
"Stage 10","https://stageten.tv/"
"Stage Ten","https://stageten.tv"
"Stampfans","https://stampfans.com/"
"Stan","https://www.stan.store/"
"Starryai","https://www.starryai.com/"
"Stck","https://stck.me/"
"SteadyHQ","https://steadyhq.com/en"
"Steve AI","https://www.steve.ai/"
"Stori AI","https://storiai.com/"
"Storyblocks","https://www.storyblocks.com/"
"Streak","https://www.streak.com/"
"StreamAlive","https://www.streamalive.com/"
"StreamElements","https://streamelements.com"
"Streamlabs","https://streamlabs.com"
"Streamloots","https://www.streamloots.com"
"Streamyard","https://streamyard.com/"
"Strikingly","https://www.strikingly.com/"
"Stripe","https://stripe.com/"
"Studio","https://studio.com/"
"Submagic","https://www.submagic.co/"
"SubscribeStar","https://www.subscribestar.com"
"Substack","https://substack.com/"
"Subtxt","https://subtxt.app"
"Sulico","https://www.sulico.net/"
"Sunroom","https://sunroom.so/"
"Supapass","https://www.supapass.com/"
"Supasnap","https://supasnap.com/"
"Super Meme","https://www.supermeme.ai/"
"Super.fans","https://super.fans/"
"Super.so","https://super.so/"
"Supercast","https://supercast.com"
"Superhuman","https://superhuman.com/"
"Supernormal","https://supernormal.com/"
"Superpeer","https://superpeer.com"
"SuperRare","https://superrare.com/"
"Surfer","https://surferseo.com/"
"Sutra","https://sutra.co/"
"Synthesia","https://www.synthesia.io/"
"TagMango","https://tagmango.com/"
"Takle.io","https://takle.io/"
"Tales","https://talescreator.com/"
"Talkshoplive","https://talkshop.live/"
"Tally","https://tally.so/"
"Tap.Bio","https://www.tap.bio/"
"Tap.Link","https://one.link/"
"TapeReal","https://web.tapereal.com/"
"Taplio","https://taplio.com/"
"Tapmybio","https://www.tapmybio.com/"
"TapRefer","https://TapRefer.com"
"Teachable","https://teachable.com"
"Teachable Machine","https://teachablemachine.withgoogle.com/"
"Teespring","https://teespring.com"
"TeleportHQ","https://teleporthq.io/ai-website-builder"
"Teleprompter","https://www.teleprompter.com/"
"Tella","https://www.tella.tv"
"Template","https://www.template.net/"
"Testimonial.to","https://testimonial.to/"
"Text Blaze","https://blaze.today/"
"TextCortex","https://textcortex.com/"
"TextExpander","https://textexpander.com/"
"Textomap","https://www.textomap.com/"
"Textsniper","https://textsniper.app/"
"Thatch","https://www.thatch.co/"
"The Influencer Marketing Factory","https://theinfluencermarketingfactory.com/"
"The Labz","https://thelabz.com"
"The Leap","https://www.theleap.co/"
"The Luupe","https://theluupe.com/"
"The Noun Project","https://thenounproject.com/"
"The Stack","https://thestack.world/"
"TheHuddle","https://www.thehuddle.nl/"
"Thematic","https://hellothematic.com/"
"Theoasis","https://theoasis.com"
"Thinkific","https://www.thinkific.com"
"Threads","https://www.threads.net/"
"Thrivecart","https://thrivecart.com"
"Throne","https://throne.com/"
"Thunder Content","https://thundercontent.com/"
"Tidycal","https://tidycal.com/"
"TikTok","https://www.tiktok.com/"
"Tilda","https://tilda.cc/"
"Tiles","https://tiles.bio/"
"Timeshifter","https://www.timeshifter.com/"
"TinyWow","https://tinywow.com/"
"TipSnaps","https://tipsnaps.com/"
"Ton.Place","https://ton.place/"
"ToneDen","https://www.toneden.io/"
"Toonsutra","https://www.toonsutra.com/"
"Topia","https://topia.io/"
"TopMate","https://topmate.io/"
"Trubify","https://trubify.com/"
"Trybe","https://trybe.fit"
"Tubebuddy","https://www.tubebuddy.com/"
"Tubelink","https://tubelink.netlify.app/"
"Turnip","https://turnip.gg/"
"Tweepsmap","https://fedica.com/"
"Tweet Hunter","https://tweethunter.io/"
"Twemex","https://tweethunter.io/twemex"
"Twit-Vid","https://www.twit-vid.com/"
"Twitch","https://twitch.tv/"
"Twitonomy","https://www.twitonomy.com/"
"Twitter","https://twitter.com/"
"Typedream","https://typedream.com/"
"Typeform","https://www.typeform.com/"
"Typeframes","https://www.typeframes.com/"
"Typefully","https://typefully.com/"
"Typegenius","https://chromewebstore.google.com/detail/type-genius/ejokcdmbiifiagicppiakpneifaofghh"
"Typeshare","https://typeshare.co/"
"Typli.ai","https://www.typli.ai/"
"UIFaces","https://uifaces.co/"
"UnaCMS","https://unacms.com/"
"Unfold","https://unfold.com/"
"United Masters","https://unitedmasters.com/"
"Universe","https://onuniverse.com/"
"Unlock","https://unlock-protocol.com/"
"Unlockd","https://unlockd.me/"
"Unscreen","https://www.unscreen.com/"
"Unsplash","https://unsplash.com/"
"Unstack","https://www.unstack.com/"
"Upfluence","https://www.upfluence.com/creators"
"Upstream","https://upstream.so/"
"Urlbio","https://www.url.bio/"
"Uscreen","https://www.uscreen.tv/"
"Usernamegenerator","https://usernamegenerator.io/"
"Userp","https://userp.io/"
"VanceAI","https://vanceai.com/"
"Vectorizer","https://www.vectorizer.io/"
"Veed","https://www.veed.io/"
"VEEPS","https://veeps.com/"
"Venu","https://www.venu3d.com"
"VersoView","https://versoview.com/"
"VersusGame","https://www.versusgame.com/"
"Vidyo.ai","https://vidyo.ai/"
"Viral Nation","https://www.viralnation.com/"
"Viralmoment","https://viralmoment.com/"
"Virtually","https://www.tryvirtually.com"
"VistaCreate","https://create.vista.com/"
"Vito","https://vi.to/"
"Vizcom","https://www.vizcom.ai"
"Vocal Remover","https://vocalremover.org/"
"Voice.ai","https://voice.ai/"
"Voicemaker","https://voicemaker.in/"
"Voicemod","https://www.voicemod.net"
"Voila","https://www.voila.love/#/"
"VSCO","https://www.vsco.co/"
"Vu Technologies","https://www.vu.network/"
"Vyond","https://www.vyond.com/"
"Wattpad","https://www.wattpad.com/"
"Waveformer","https://waveformer.replicate.dev/"
"WebCopilot","https://www.webcopilot.co"
"Webflow","https://webflow.com/"
"WebinarJam","https://home.webinarjam.com/index"
"Weblium","https://weblium.com/"
"Website Planet","https://www.websiteplanet.com/webtools/dummy-images-generator/"
"Webullar","https://webullar.com/"
"Webydo","https://www.webydo.com/"
"Weebly","https://www.weebly.com/"
"Wellsaidlabs","https://wellsaidlabs.com/"
"Wepik","https://wepik.com/ai"
"Wetransfer","https://wetransfer.com/"
"Whatnot","https://www.whatnot.com"
"WhatTheBeat","https://whatthebeat.com/"
"Whop","https://whop.com"
"Willa","https://www.willapay.com/"
"Wise","https://wise.com/"
"Wispr Flow","https://ref.wisprflow.ai/janis-m"
"Wistia","https://wistia.com/"
"Wix","https://wix.com/"
"Wonder Dynamics","https://www.wonderdynamics.com/"
"WooCommerce","https://woo.com/"
"Woofy","https://hellowoofy.com/"
"Word Counter","https://wordcounter.net/"
"WordAi","https://wordai.com/"
"Wordplay.ai","https://wordplay.ai/"
"Wordpress","https://wordpress.com/"
"Wordtune","https://wordtune.com/"
"Workweek","https://workweek.com/"
"Wos","https://www.getwos.co/"
"Wr1","https://www.wr1.com"
"Writecream","https://www.writecream.com/"
"Writesonic","https://writesonic.com/"
"Xperiencify","https://xperiencify.com/"
"xpression camera","https://xpressioncamera.com/"
"XSplit","https://www.xsplit.com"
"Yaara","https://app.yaara.ai/paraphraser"
"Yat","https://y.at/"
"Yourchamp","https://www.yourchamp.io/"
"YouTube Summary with ChatGPT","https://glasp.co/youtube-summary"
"ytjobs.co","https://ytjobs.co/"
"Zaap","https://www.zaap.ai/"
"Zaiko","https://zaiko.business/"
"ZenBusiness","https://www.zenbusiness.com/"
"ZenPen","https://zenpen.io/"
"Zezam","https://www.zezam.io/"
"Zora","https://shopify.pxf.io/creator-economy-tools"
"Zora","https://zora.co/"
"Zubtitle","https://zubtitle.com/"
"Zyro","https://zyro.com/"
